Temperature,Humidity,SoilMoisture,Light,Description
27.49080237694725,49.25664644193098,23.0852841867953,638.1623953671184,crop
39.01428612819832,67.0950473689179,22.34893995359999,737.3451177530978,humidity
34.6398788362281,83.64729179382041,55.312729026051834,300.3743190339992,humidity
31.973169683940732,76.61124432047805,22.477309992475305,599.8992796855991,python
23.12037280884873,80.32805739307248,23.59748630643155,557.3967865149989,iot
23.119890406724053,72.93916833553587,47.969913120898184,766.2643014306169,temperature
21.161672243363988,74.61382822589263,32.486992122527,824.8696483850084,visualization
37.3235229154987,82.45978257826596,48.83552784775906,109.72541718190945,temperature
32.022300234864176,52.483400442959294,13.268307878219261,639.2159352470342,farm
34.161451555920905,64.47124818215703,34.378559683669216,141.46863929578322,monitoring
20.411689885916047,51.06047209098011,11.680680009164131,539.0869320618847,temperature
39.39819704323989,89.38340039983234,13.132660172767725,330.1061832349426,data
36.648852816008436,87.20296698433066,55.321872667220546,345.42127961771297,monitoring
24.246782213565524,41.9713405684253,16.96226855587976,382.36680276188525,data
23.636499344142013,75.27875862578442,36.62103411376086,597.0339592396881,humidity
23.668090197068675,86.26241587078329,30.554780130035326,367.23997253501534,monitoring
26.084844859190753,49.02876725636668,27.367166312942135,686.1592404722243,temperature
30.495128632644757,68.39726152763147,54.99166728436362,423.6219084590958,visualization
28.638900372842315,85.77441487940209,11.091169838774475,154.68256024796688,agriculture
25.824582803960837,41.69729892928994,43.189484308779456,727.0078739872858,iot
32.23705789444759,74.871013362342,58.16972171067752,328.6066596741648,data
22.789877213040835,54.86745036862754,38.0084091730921,446.2135036794101,visualization
25.842892970704362,86.21980976882652,56.84112310165459,648.3551065775213,python
27.327236865873836,88.55291225826838,12.612893964301188,365.9649257189696,monitoring
29.12139968434072,87.2133244556717,30.93966595370807,145.2685249173725,visualization
35.70351922786027,63.71071083287319,23.007889548102558,399.1368376102509,temperature
23.993475643167194,83.10213254946567,46.54104824903649,855.5588661554427,monitoring
30.284688768272233,82.22746992675351,59.064854524862334,613.3875178388465,temperature
31.848291377240848,55.95502366216278,22.82650312221239,637.1833189337656,temperature
20.929008254399953,81.44577370753387,42.70873007370373,605.8257229101118,temperature
32.150897038028766,41.85038173577463,19.904881637987007,259.1937111675494,farm
23.41048247374583,69.81349392410266,38.266512728580494,434.6670912818241,iot
21.30103185970559,51.50044186438515,33.19662433441681,700.7518386906546,agriculture
38.977710745066666,46.02834428886394,58.60026648157685,181.09831804252732,agriculture
39.31264066149119,43.84766008146046,40.42636363482333,322.2822208717698,monitoring
36.167946962329225,74.81443879390699,27.475318604340938,321.0552867726829,monitoring
26.092275383467413,56.9937481884033,15.704789244396668,445.6151420756048,temperature
21.95344228012768,76.23833857643808,17.562341436746728,884.294992753748,farm
33.684660530243136,43.26781703994712,21.265846497561753,154.00203734705755,temperature
28.803049874792027,55.76451689153052,22.5483330670149,514.960795504476,farm
22.440764696895577,66.97456461876686,52.53080289205689,243.49174560976837,temperature
29.903538202225405,79.53615824194819,38.061139414126245,876.5412363277953,data
20.687770422304368,55.937625146603494,36.16954556871832,190.64280378197137,data
38.186408041575646,71.29456882185045,15.738443593460874,422.880801889273,humidity
25.17559963200034,84.29888741180935,53.00698466747175,690.3079878676849,temperature
33.25044568707964,70.79315940911523,46.140715160424186,663.6435424219562,iot
26.23422152178822,51.64797373768169,13.38341809500008,438.1829095151458,python
30.401360423556216,41.220039077826904,45.39175486148844,377.2193343621746,humidity
30.934205586865595,83.50494369504649,37.17691086713231,418.08990284229645,monitoring
23.69708911051054,41.063470542519354,14.086267287338913,311.42101052691146,crop
39.39169255529117,83.73508363420997,32.91503207643282,264.26635096543987,temperature
35.502656467222295,66.4468567013606,34.23481435650235,486.431758047112,visualization
38.78997883128378,86.95338492564481,18.28872700816379,314.8270048540859,streamlit
37.89654700855297,79.93916178868326,57.284907350014116,329.9693319178001,data
31.957999576221702,89.89670552666686,52.49876857403309,625.4048507796457,visualization
38.437484700462335,57.53559077258551,43.451116866455415,874.8298653599138,crop
21.76985004103839,78.35941444655634,33.11477805003036,582.9097604475,farm
23.919657248382904,60.09654568046211,30.588277079225424,161.58357365197304,crop
20.90454577821076,63.99378101519544,42.548673357547706,160.46689108325359,iot
26.506606615265287,71.37527316091851,37.27159347034527,861.1385766764528,temperature
27.77354579378964,83.68385570931693,13.113655294094281,337.8326322458669,agriculture
25.426980635477918,89.20417345996475,35.62513243851659,173.65358886598034,crop
36.57475018303859,78.41367069322591,50.32018086164197,579.2356697203052,agriculture
27.135066533871786,60.88833910836669,32.9619938798479,598.9190226322129,farm
25.618690193747614,61.06785011385351,12.597828877713422,618.8038560949506,humidity
30.853921663164968,76.87911507944457,49.31390996920165,313.921622286033,visualization
22.818484499495252,51.938857288415115,20.06818910679872,112.08854737158003,agriculture
36.043939615080795,45.52370565656973,22.931041744401938,872.0122955635775,humidity
21.491012873595416,57.73110788203883,18.235317671614794,300.714436552882,data
39.73773873201034,54.361949582704085,26.51075324357488,640.821030442038,python
35.44489538593315,54.81540602279951,47.83757528443175,665.3038959029676,temperature
23.974313630683447,51.680387552495496,35.969292975196865,588.0059336635886,crop
20.110442342472048,42.104659481818096,20.244063707535627,350.32591537091855,data
36.30922856909668,40.89369673667069,53.89150390760204,316.8770030112526,data
34.13714687695234,89.38611948680158,53.97909274757646,578.1346261621625,streamlit
34.58014336081975,61.38865668679311,53.52892125230034,792.8765068893532,analysis
35.42540693371892,59.216332357984086,21.939810569076965,857.3869831387165,sensor
21.480893034681806,73.9823641346535,32.561967209049406,184.7246435230061,iot
27.169314570885454,50.912694393253204,59.249482807043755,223.8628900781759,humidity
22.317381190502594,87.49805919751127,48.60062381549952,855.7890070264638,python
37.26206851751187,79.3172507207776,11.35837106127799,689.2281826678341,analysis
32.46596253655116,44.47055011561297,13.260229563024602,806.3950598638185,sensor
26.617960497052984,60.87903878924642,33.196568840616635,262.10610730827455,python
21.27116700572047,83.95591537810824,55.461010293078004,570.0686968875215,iot
26.219646434313244,87.2366011145705,36.93508989763571,660.911675533979,humidity
26.503666440534943,63.37007556249348,34.890625401714516,644.0895083575781,temperature
34.59212356676128,70.67056946053539,15.273684997831529,426.5213526933585,iot
32.75114942710427,48.35169730460376,42.8390052362147,112.31591335304678,crop
37.744254851526534,89.55843130684883,51.105158030011275,566.3408454434104,data
29.444298503238986,51.58358506917217,29.021000375378115,302.481231343687,streamlit
22.391884918766035,87.13658870675629,48.78059254626638,460.2033969143123,sensor
34.2648957444599,72.48233244961843,58.22383269504058,866.0648120670538,sensor
35.21570097233795,70.38683974394296,20.188322956384454,419.2282541139478,python
31.225543951389923,65.63442555082543,36.166481559737065,771.8412853315414,streamlit
35.41934359909122,51.53349058588793,24.356897904228777,250.8324845994009,sensor
29.875911927287817,48.82640160027542,49.64272095169197,637.968398420023,streamlit
30.45465658763988,51.02431045350877,38.87966829405788,881.6055635511548,humidity
28.550820367170992,49.32191310721272,41.729120877515186,181.51448069834942,crop
20.508382534881903,78.97922367833766,49.895707980794704,106.65595378175361,iot
22.157828539866088,57.50626295833651,29.798523633122745,446.8662341060915,data
20.628583713734685,42.89213382816982,55.75450342035216,174.10038644109375,crop
32.72820822527561,88.45513150704056,36.651443362307,698.707479740985,analysis
26.287119621526536,84.18929424817128,17.8977411417674,831.6389310788471,temperature
30.171413823294056,86.38761415976064,44.79495590844012,447.2167781670071,streamlit
38.15132947852186,89.74539113232177,49.66306752191272,306.9693137243528,agriculture
24.9858445829775,48.69476246097437,25.838083853376332,447.52265520528783,crop
28.207658460712594,59.81210094513294,52.85896284993765,678.7582542800008,python
35.11102277086097,77.91192378520456,55.30716273828832,107.24332926429679,analysis
24.57596330983245,74.8010309026896,23.84522436889045,571.5631915877577,data
21.53959819657586,47.69479531699275,59.1760736357611,590.6333479099033,python
25.79502905827536,80.79165624953089,17.035576402437922,610.1505975167483,python
23.22442574508009,51.22202859183304,20.1007834201245,293.6176639847018,visualization
38.59395304685146,51.19088074113115,19.211241961901308,671.2421787025014,agriculture
36.16240759128834,66.84872114467068,54.69948550039352,173.11318906542112,streamlit
32.66807513020847,69.64699674208515,42.714627616248094,259.41626917344064,agriculture
37.429211803754356,69.00431039189056,17.605214161113643,801.9760373235855,crop
36.07344153798229,44.574341869887746,32.016170918417444,690.9785205812531,python
23.731401177720716,83.87304313151901,40.7649012534901,110.9964432090762,sensor
37.85117996979956,53.2800021294353,14.173204249469165,298.70100829584015,monitoring
30.786844838313016,46.47574606414021,54.12081842036694,271.52518639453166,data
36.14880310328125,84.43740399344887,50.180176772076756,316.64506242957805,sensor
37.92182599846986,87.78257491148767,35.260338678831914,298.04781622390914,data
26.360069499437277,83.10638086327253,58.35633076295852,150.0210365942766,streamlit
22.201038490553536,80.4758037362439,30.888048963754986,467.1524132774563,monitoring
24.558703250838832,72.7620990319511,59.20551595182489,686.1867798289321,temperature
28.542155772525128,67.54286853045696,43.395999940181355,585.3853797739491,monitoring
36.36029531844986,44.34933799557051,41.73356366269707,638.2973348784639,streamlit
37.21461166512687,60.42266065353493,18.29774476478925,164.91934282899132,farm
20.139042610623815,58.6344258506157,54.0963879152322,861.1925681414298,visualization
30.214946051551316,52.98768918801631,31.37448439603076,770.7934670744198,crop
28.348220062975578,76.17100568442925,18.111670289123968,744.0722547965302,streamlit
24.442156209414605,64.79378675393855,10.630375998787953,758.387044033414,crop
22.397307346673657,44.0523107953824,37.987784181919125,846.1684065062091,analysis
26.75230342807256,51.009160097490565,36.36998110613382,535.4031728909581,sensor
38.858194078250385,74.16293818297979,45.967681118457925,260.22561429410075,visualization
26.464058640415104,43.80654297451501,54.512902650890105,593.4268862820329,analysis
30.37581243486732,82.56034570243844,13.970329232151476,694.3051949343512,farm
34.060379177903556,64.75732635069872,46.574824517018115,690.3339146832203,monitoring
27.27259204758588,64.0293288663324,19.37059720487911,517.1592193335041,crop
39.435641654419214,69.62038923297588,52.9088526578582,154.76697546686245,humidity
39.24894589884222,81.23404829625746,50.953175693082805,396.89035074410225,monitoring
25.035645916507285,57.390460395109656,37.03968774927722,836.6132867706858,visualization
29.94497011784771,73.90080762795318,45.51213993116558,567.5591278059408,monitoring
26.017566196335395,68.28659819978955,25.71750565918742,530.6655546045707,farm
25.696809887549353,53.35141350847107,33.55839494664073,315.0828115057548,temperature
20.737738947090655,83.9314993177579,51.08184488552358,394.7591359332631,data
32.19128667959794,79.8713010803464,32.96325985866069,816.2768713225354,python
30.05358046457723,72.92259173292128,27.88991326627209,633.1704380214686,python
21.029575024999787,82.52908645471209,34.710622362515,729.9096214018663,farm
25.57292928473223,83.36471004799012,51.41246262186092,463.4763384541241,data
38.165317719333075,75.41814883575174,26.760402368543637,604.1977755649264,crop
24.79123781333945,81.85066641818361,18.68807965678719,298.70688699456605,farm
22.897897441824462,74.87357308346418,45.60070101653904,664.3686642267891,data
29.78905520555126,74.00703858801502,51.29891063540409,442.08106696266987,streamlit
39.71300908221201,70.93056891075922,15.031873926176667,454.03641185179646,analysis
24.84110543023001,77.63583197788206,21.993705637797234,619.4578596615054,farm
33.44271094811757,47.93025526465368,17.098599488049693,849.0244971751413,streamlit
35.232392306574354,84.04353795994642,27.39707057910833,151.20507728689674,crop
24.752750879847994,83.5921763872616,32.51754894527063,759.7945898776061,farm
34.56432697223719,41.462364151727954,47.44131684816532,333.9064883297545,crop
27.355662654385064,81.29083752823814,42.557379244083705,455.1355636051023,farm
32.64611661187159,46.44349337367226,41.04642837392156,117.53066302000717,data
32.670594215217896,56.75594271295709,27.61874733048272,340.83686226745044,temperature
30.71549368149517,77.1754128145804,52.072377654238,502.1049941041044,iot
21.805795401088165,48.03799480241541,33.56435836990823,144.9408618779512,streamlit
36.70604991178476,80.8983512059531,58.95524690075773,492.87658350653214,data
26.415601299434716,81.6067088978871,41.70710691478684,841.6885030867419,sensor
23.730370207997083,65.37338668804182,16.313237078225136,184.31457448624417,agriculture
20.81550283109528,40.31929358584168,43.8088781037717,711.5525824604035,streamlit
31.817858863764837,54.35190665874564,26.25520077158495,427.7368427007941,temperature
33.55128723684565,70.84634591878711,44.31635983430487,624.1389716194705,analysis
20.331756578557123,89.05930890137117,13.482057408120287,308.1892783881835,monitoring
30.24186116598562,71.59067635083342,18.74407185879797,227.59381003308664,python
24.529915503958758,52.99017905320799,52.786862945289315,228.37009141698115,data
32.903455808188994,71.70028515498056,21.358977851175744,156.39355651451572,farm
23.487328580099827,66.99926898579278,51.852056262147,248.51736392099443,data
33.81875476204932,78.99226975755718,23.96380442272052,631.3755079911746,visualization
27.734706926010748,45.34903194134792,42.144095502935386,805.3524894748065,streamlit
38.73459977473469,78.05139512510141,44.70752867549155,751.3005484729294,humidity
22.750418882919867,67.06332893380551,35.63273765725265,648.1074478995873,streamlit
26.82132702100517,88.14960019294973,25.265533834836564,188.34549072888214,temperature
22.269470424811782,57.0936083019343,20.632218818554804,331.34995703675986,visualization
38.49387236557126,71.6310946566974,11.65946772812131,347.8455002579752,iot
37.54678706761962,86.60140527550087,25.19732006203619,299.96555711809697,analysis
25.15883255430311,45.12548639953396,42.65813952656415,512.0045277677784,humidity
33.199680920683576,86.86142436182256,56.91524092242413,528.443051903738,crop
36.34444400402432,74.39428611504067,53.5602241131526,385.50878013688816,humidity
31.10401623198925,43.39185295525859,48.30323882676513,383.0313269891488,data
30.59301156712013,55.04817834734081,49.42236716266493,762.8444783248651,analysis
24.837045818009035,75.40860443226407,43.249245173799764,731.4342786557485,data
21.862055356117985,43.36753007343859,23.01434287830015,346.23666534459653,crop
37.944315159066534,69.10852300881366,55.359751535291494,831.0307550986074,streamlit
38.00836114326661,57.29415284764784,43.5366155952917,862.2520136020048,monitoring
32.66202914546536,71.04577588837385,38.022031549021996,361.39403362403266,analysis
26.780595820974014,42.28710169062564,15.549473460674054,383.5399590344439,monitoring
26.984191492253217,83.57684030761882,32.35277719032127,504.50732273756705,temperature
34.51911357740479,88.67444845886985,33.01791356009632,852.8966500269388,visualization
37.94220519905154,88.44389276428458,53.228180476133495,801.0555465138492,temperature
37.741728485302346,77.48259158714623,37.332411009389425,182.05437006687185,monitoring
35.597510917152476,46.5043120065316,29.020027448520484,414.184594617133,visualization
32.84063292308576,77.91315979645113,58.840016425532966,542.6969517998175,temperature
21.682799299900978,41.229345822940076,15.536029666315784,502.505978041232,analysis
23.232574281892276,41.106177576449866,31.12742141559723,255.09045434951415,farm
37.97108377054158,56.18051095747706,12.101233758570265,787.0534169345237,sensor
32.1285811931918,64.43215952023328,46.99520603834652,641.5526263974699,visualization
20.183941032332594,78.52037089038966,55.90382760995753,770.3266998814429,temperature
22.02943085732064,74.16476883032526,24.001866477524473,787.0114234795777,temperature
33.27003538216111,62.29513531883742,52.91708383995604,698.6846829325918,data
20.101231676924375,53.68133331408329,24.610911523094888,451.36848099977385,monitoring
23.216161028349973,89.85622500788556,55.53850808219576,588.4374040123396,agriculture
30.974675787331723,61.309065111798645,47.6980951798392,228.2923248957945,iot
33.83790395385387,62.569351216483774,50.24533884207193,638.9163339799262,visualization
33.03922519005201,48.181191059583455,10.900327780022725,243.4026045914246,python
24.485386189211198,79.74047743749647,58.1405178537013,655.1596724081254,python
34.24358442695072,74.68411128907442,46.33354960351616,283.6785286031749,humidity
24.744981749936002,51.03848063943802,25.237554769306666,194.04104012017598,temperature
26.507993963185356,44.11905228079213,51.46973324294235,232.22759211436593,humidity
34.92982810236048,74.02496510373565,24.0760599207465,101.59370817525621,analysis
32.992657980944294,72.72556071405677,53.6376919783064,674.9916942828241,agriculture
36.98446820988356,53.662976349910466,15.62901952059685,685.9208392467033,iot
33.15225784600687,87.54317811252051,45.184298873039786,511.94667993060756,monitoring
31.36617206670943,47.55289458904501,37.03492383224552,229.09024084430695,streamlit
21.87349535656185,61.6167400521301,14.826723509772041,166.8434700085518,sensor
27.35431606118867,87.18079600837994,22.09469141294195,115.3031731498296,visualization
25.30404735363451,60.986365846306114,10.620201813865739,232.59854157217657,iot
24.87979286758167,71.92629738320429,33.43839827322529,812.6844279865173,visualization
39.46021109504891,59.87971989813971,25.063263038000017,293.2294733613454,iot
27.861954493335208,53.7107601174335,39.917874214887945,383.4170617737725,streamlit
37.84093110354227,89.19888239799141,24.86189038543086,184.27638758506654,sensor
32.62277251994526,60.46670031575215,24.995955575349235,277.88904379853625,farm
35.89622607083297,84.70496018395673,47.15965993658017,515.3796566241641,monitoring
30.052741862103844,51.49773029455431,12.407141798917673,586.2021464765221,streamlit
31.53807769252718,50.655235201254165,55.144749759599364,296.2818513329688,data
29.850353876377277,41.55670414422557,52.61319371955907,146.18572738009377,humidity
23.90485975596089,72.58334126879424,43.39023416132033,412.82629530191895,visualization
34.44904230523011,58.42631718618806,39.66107850536922,287.36269674106734,python
25.615447248817116,83.21791249198185,54.615124906982615,275.64313858384156,temperature
20.486319328629076,63.66049533457786,19.266508976435723,867.8902421707642,iot
32.909445918143355,88.40967139573608,13.94845810954143,593.0403887405793,analysis
23.542213588140978,49.27627578515606,21.975508495476905,545.5027545376768,python
38.80917168705828,83.43115839778054,49.728913935009516,432.6200828186575,python
39.07857154005175,78.82984263958708,11.733513336324165,443.1554667441154,sensor
38.29728780440897,78.5460922322026,39.140341754174486,532.7240030704647,humidity
27.403174005108887,82.23916140584438,59.77187580956549,657.1438456288857,agriculture
20.30913233057735,78.05119954714993,52.78480469187697,661.7168769454636,sensor
38.566371251754504,71.31101608157077,36.072284452179474,237.35512616435966,streamlit
28.563682966346285,46.56224388411938,13.182045464332116,500.0902016613016,agriculture
39.33309638087339,41.6263089745626,51.568675719285494,429.56647602728157,monitoring
39.272399541785056,86.04239239078434,39.94892540886053,796.4215730155073,iot
37.060189109347206,70.8325157260369,15.746649852978342,605.1351369747011,analysis
25.888977841391714,79.82686454880881,14.692864241167811,526.0032531327854,visualization
27.701954572038506,64.0761175756275,55.48134097182962,192.3157137431339,python
37.02273343033714,45.86540944811972,43.46001314690392,584.5103114587291,temperature
26.338440103125553,46.259289610127524,51.46433996583777,193.76312454418672,agriculture
23.38985493372185,74.27826436144858,53.94894501411336,369.76526045260164,humidity
31.136025249167005,61.51529474497313,38.58861760241611,214.27357185146548,farm
38.723095483215616,50.02623633501683,35.872317587752065,653.6589176194951,visualization
33.920595933499456,64.57972733707184,31.521370516049508,265.00169106892207,monitoring
31.4012234017873,43.21044685375671,25.847329389555966,413.4874985504208,farm
21.943529875415372,69.09857009571994,31.729798042935588,816.5398220950229,monitoring
32.3001445339834,53.449670221754886,48.69398278650782,263.4531067191762,data
39.801077002085265,79.87795503185941,40.09617155075658,506.2440511670233,visualization
22.801680304730482,55.518097946178685,54.6261644977423,435.4173289328176,humidity
30.366593047274733,62.76100745409006,32.16900071895938,114.49923283658379,streamlit
37.54746143855911,40.58102699540503,40.3544789359377,734.2064908582503,python
34.81537235508409,43.62234438972794,41.56537765459944,155.2367250516798,farm
33.94031481990536,59.62467782033424,39.58485811531628,479.40401678156286,analysis
34.049681679742186,63.996941735856176,45.13168865427582,548.5426359511599,iot
27.189823024395103,70.00102740596519,21.871673418740315,602.7411652916696,sensor
25.871836885289866,54.58312893546516,35.61818887728953,650.9053034463004,temperature
36.18722310957027,74.74909430632712,15.211240140417384,302.61790681817206,streamlit
36.20226789358362,83.00611985946023,29.22556638224063,107.9830213267595,iot
37.341446371602075,78.99254944466749,34.38335343106322,678.7549298839295,python
38.26481105112943,41.980941267417855,42.611212977273624,528.5252794780629,iot
30.226847977218757,64.02534736289145,57.526552629310174,768.894162565799,monitoring
30.030325893743992,45.246508920908745,40.032553327417794,757.1106903205555,analysis
35.9659035793355,52.10225079312637,47.17969580882799,774.6609342303066,python
32.999278615555305,89.33312966335733,35.313302974760134,488.07572798363213,visualization
34.03933754515407,47.12477714507566,41.70520156881656,366.9027166694925,monitoring
35.91585338872202,64.9444076725678,13.546610806688673,733.246562073096,crop
37.800106836351326,70.90778671590596,22.71957904209235,461.0352904234039,agriculture
26.759903137030715,75.12324852720519,28.092654660256933,246.7537571227476,temperature
27.51165905279888,67.98243417434571,33.62466775032568,783.9792156491794,agriculture
21.87963879681738,40.48854237095918,12.282437275119186,806.0479014178778,sensor
31.56560281992348,56.3230654121996,17.001204877665884,473.0478049121361,crop
20.71884547593484,65.88558216923558,23.84071538956529,160.55978184782998,humidity
29.311960362649202,44.39332495724167,58.576634545052535,410.260871933545,sensor
30.85289269415153,57.53134656045904,26.567350355152538,742.8301275700827,sensor
25.730825042565687,41.66015543956833,34.102052905604125,821.419222836983,data
31.816665211380215,43.928924857751035,19.804885636919646,262.77819399807663,visualization
20.610004998780987,59.8461638100798,40.53900355378841,153.5788896202172,temperature
20.746963774984287,46.63578770215302,24.034160775798718,801.8803625062709,monitoring
36.45201121319317,68.3770424130779,20.349628921921337,411.5239511831002,analysis
27.20381282822526,74.47324845686329,35.828631422298955,533.4087714140505,visualization
22.541210253037697,80.02933495545415,10.275289958021041,874.4526496406071,agriculture
30.444865201096086,50.007512212240506,10.383201632461267,153.25178233137828,sensor
35.39987106197222,48.37412911295349,20.95344045509289,618.6544059616765,agriculture
24.316420549936865,45.228392016720015,11.836068125041058,159.28433805989366,streamlit
32.45780951638,71.82151247718184,15.401287706534568,400.3751427732003,agriculture
21.70694929987536,75.32378632434506,26.94303246693758,743.0516361547574,humidity
21.033634423372153,41.5793072412821,50.12928397899064,446.7777862045075,python
30.62709263136296,86.81061231218449,38.60243216846504,897.7458831223603,streamlit
30.81270243220213,42.59856418257362,35.63338629782082,547.2474279572817,streamlit
32.74859802996413,67.06481676505352,24.674441160406083,356.9297221087628,temperature
34.52182667445323,75.45302597254582,56.587685971640816,276.0890607238025,visualization
39.517041589250695,83.54845618730428,29.850752061859584,380.41642742892947,temperature
30.326006966023904,75.70434660662139,14.354638339788576,398.02661900764065,farm
26.45912945882492,80.08640415348958,40.853325805890066,154.9709421791688,iot
35.90372389537407,56.972509627140305,15.691919673830071,395.65935954141855,temperature
25.416645025241486,80.7412556873256,27.261157140084606,471.39081579137996,agriculture
28.779428414112722,44.00574231923376,35.37059693589045,678.1902017910437,monitoring
21.56912762684532,84.74083280302638,53.71112623425879,625.3835877772864,agriculture
20.50701486830915,67.37961880768681,34.67732901700593,667.0125241833234,monitoring
39.2529682935585,80.86488849812469,45.11293830158321,106.69094550148569,python
36.71960241024412,62.615914225915006,59.64084194995352,274.13391966442884,visualization
33.919484121873964,72.17888475982625,16.574455994899083,629.3474307198852,python
28.179058888285397,66.32013304680567,23.736576275975978,487.1914945437977,visualization
23.465886401416917,76.5794760877666,29.72880377988232,104.25078053467675,visualization
23.12874085342172,44.08149910152948,31.09140892694157,743.5957139454579,streamlit
25.004857963291904,43.01760419952819,30.551053763277288,718.2476586322699,farm
30.984533294122407,52.355161700507324,55.380550127827746,538.73533039485,monitoring
34.29191845400125,47.97723400565942,45.70163222334282,153.1706606210177,streamlit
33.203947534354626,83.58917832961009,40.39526070453519,713.2120396260677,temperature
25.598677938918858,50.960699367902215,25.468635893139105,566.9708701850911,humidity
39.097305613263885,88.79326279095656,51.189519211064734,725.5679817263673,visualization
34.75793833391537,56.844789588555344,57.75302557424945,701.3975939166723,monitoring
31.087081050228015,49.10589578443496,51.05991412751133,742.4016575662697,python
32.234414924687044,79.48492535712396,10.078255259573645,514.4064531236999,agriculture
28.3920012485558,72.9353887750438,41.820068509170355,212.259614554812,analysis
24.95461979002315,64.90978582265694,12.556769072105036,636.925978703751,temperature
27.119453573025233,67.76817754688156,22.880361016686095,596.3790280415765,analysis
35.15692220928738,75.96008891361319,12.976235017388584,693.8025497592697,crop
20.287869772595116,51.422737066564935,40.18977264746938,235.90480484058824,crop
22.321452810138325,89.8166958028371,44.32949567463034,255.9801599202314,agriculture
20.920052840435055,88.73965810733915,15.724381903295257,812.3276137754627,crop
20.814576046379404,72.51628431734684,29.191944152248976,699.9822387616566,iot
37.10921168022014,49.97712254645725,32.811825447777096,826.5827909602583,python
34.07315718760047,74.01141212156458,28.45265108804583,706.9722569311366,visualization
29.483476581746505,43.60992044895879,16.05125002425965,577.7242447922415,streamlit
21.95668321302003,41.532625110290304,30.94738950937377,623.3061896222989,farm
29.832317502336647,52.884144425560685,47.558902390420904,811.3023391520079,temperature
29.469435415611315,63.131147836965816,13.550383226662774,563.0454036095524,analysis
23.464037398200304,83.41362527041903,14.009000704095172,605.91305946271,agriculture
28.67703298475946,76.3584534883154,27.73856459179921,225.18137280288045,iot
27.97009468794747,77.13532605999904,57.08628558094625,479.13697609288215,agriculture
32.317001961044326,61.274666722403765,43.428632336145704,673.1176895664792,streamlit
32.701873017352874,57.29674962734815,43.93349783362824,316.7541586530923,iot
20.90608019544089,58.55193814923014,28.09599954189325,261.80334441962793,python
27.492252292529425,89.3824781868029,39.68303956042692,351.06144657953246,crop
32.51719831428473,42.005459570624126,10.50655920138717,293.2005023942668,crop
30.062725171601755,83.35157480612243,41.80480232047711,271.9301096291167,python
37.12979682376644,68.93377042861967,55.66434737881184,439.88067429446954,python
33.1738726323789,61.930770959479524,40.62867341724096,826.2708111068273,monitoring
23.258688541628594,76.26288302075682,53.68492967331725,505.6477173909746,data
21.411374948008596,64.33344707123514,46.19865277330469,250.33630465225843,python
32.84838556412631,83.67116190408302,16.027920820184512,161.57733550469925,agriculture
20.530226210832435,85.03509320056293,55.12266536429209,656.9249161103402,monitoring
31.715511625469265,61.08604634367277,13.322192217788745,406.2390115491103,temperature
38.80460482849915,53.841389861752575,36.69837362738819,757.4647572682874,monitoring
31.50948355751758,69.61751642966811,17.106856189672882,627.6086149126162,sensor
27.763398524130437,85.61816728083454,10.585330536545204,736.9931604330948,crop
32.86576436884707,50.53310945028333,31.10171300638195,317.556831534759,streamlit
29.165057809830333,71.14832917817414,24.75203538270781,653.8871379688464,sensor
30.9123357863187,71.57801100462603,34.300024689880146,311.249587754975,agriculture
38.8292961755305,76.65565112076405,38.85999433672754,851.2547835602332,analysis
27.722052756015486,46.57838425636299,12.186953615447369,609.0994252266995,analysis
39.22381127647829,75.79124823410443,16.15016475618728,359.60944014027365,python
38.107012839121275,85.45162603328205,37.93211982252127,315.6094898338181,temperature
23.915822695785927,48.984155443512094,27.158367658632912,252.7412680573148,monitoring
21.38722601750331,51.87716624619388,46.4586743774724,655.7127671149823,analysis
22.01556002754853,88.56975470208198,42.614582429596986,274.97249039834185,iot
20.364436513030995,49.04884763547449,52.28021814949534,576.2426127419913,python
21.88885921511857,82.71925466847895,44.62464133346126,311.70802154028587,iot
33.66013546832714,64.61389282240174,31.496553869507405,629.5751558350948,visualization
21.42377296920458,52.36155372015885,43.64833111972162,751.9517828324314,temperature
26.379512605875227,83.53749506362557,23.769058712770928,722.4201945157225,farm
36.897506219389086,62.265262750133274,25.315674938910632,708.6810647446254,streamlit
20.465438714716516,65.74086769648451,49.44925799603966,250.17792455380166,crop
36.28936965177871,57.96166846998828,32.32097582007911,170.70795758761497,monitoring
25.637095495468,69.64754257174637,49.919017025917626,659.1590627899085,streamlit
22.363296552433127,48.17619362925114,51.12111868341392,394.67777103548104,python
33.934743307283014,59.55407683258804,52.87811688306419,445.8769811226778,agriculture
32.57885693559768,88.47061611676438,55.83176179206036,124.91927423471284,humidity
37.549440270541055,52.90667163505638,31.549261025664812,307.6611594200393,humidity
34.70142087607772,72.8368332270646,25.94334091605694,126.94112309957121,humidity
36.06961860769697,56.259503211234744,39.109937329705694,803.3486180809981,analysis
25.64069145142613,78.67365628433004,28.558621171881377,294.7173465748244,farm
23.548790875594456,46.54368303591749,40.05370834001165,545.8697356584064,visualization
35.012295032817164,88.49105225392724,45.27929313219123,131.18345652890434,farm
36.136694785345284,62.68947706918196,44.42025092460684,633.4779130445264,visualization
39.81010284001347,51.8025231673232,28.727644351006067,358.4218766032751,monitoring
28.25235353822853,43.67483736650063,18.34301008493764,818.3353495661327,monitoring
27.440361715855666,48.48789525437704,31.526466923110377,810.4945511472287,farm
35.528259214839935,65.98869742780089,17.12970720409544,360.2324946893982,temperature
26.816070805060356,56.850158821564314,54.504851759190416,820.7687165523743,monitoring
38.61514651207129,81.44416829413046,27.29387303689287,896.9261387990231,temperature
37.16825503686024,61.54437618309029,17.72298736116619,760.3325312991584,python
28.579880547500366,52.435713629381496,11.272387995287543,775.8970782041832,sensor
35.017421355829946,70.8572493302015,42.29111931432421,299.2069888872719,iot
35.09085748169365,75.33886084427229,41.84511587273716,561.361919086205,crop
22.062477376718654,48.35209539504749,27.030208329064582,153.80473117389428,python
38.05105813359133,48.380960814415886,13.58559444238255,175.93434945733577,streamlit
30.105047448957144,41.83357134667715,30.4814447447616,899.1140896266324,monitoring
36.52914932215484,76.82010075328202,25.560874753169678,361.31139954072876,farm
26.400992020612236,73.19022638109026,43.856031986750466,698.5471296390771,iot
37.91046456992401,63.73154378749069,40.288962472634516,745.3320424214531,visualization
27.784033574683264,82.20852244845986,28.229686409877,786.4186168057834,iot
20.216753029605968,80.28350764750266,20.894627712749504,898.1026379217252,data
38.10763952838528,69.2677182198376,59.40179830777959,293.1971882054943,streamlit
21.82573353572267,83.41356402566294,32.70008105980574,132.28066148775977,python
26.3862727518083,50.292060501838414,44.413711789011856,428.9532143956688,farm
39.0012393410161,45.5959809698864,17.027648378918038,204.06453586315757,crop
39.012142938751126,53.48748057584948,34.27948498296989,117.9407113296441,farm
31.46875776246572,42.854342804465745,11.376835993473275,388.3414617131889,monitoring
32.63674424339598,66.5584764000516,35.272755895522494,726.9906008601891,visualization
28.968910439566393,86.83028461474808,58.200870355885115,552.9445529800566,agriculture
25.86421543396129,41.967177033425486,29.210335649290013,350.22239136828324,sensor
26.57329090739832,46.105495700501336,11.94980062874558,623.4736043941757,temperature
33.45036912154077,62.60995141417176,11.547789545967177,285.61454424704857,agriculture
35.047490588753604,86.69375087639524,29.399337997343473,111.50515685766803,streamlit
35.83158087451697,55.807805248837525,18.001246823159704,711.4827091491419,sensor
35.79236285589108,65.36174043441963,11.167604816409295,598.9944678912073,agriculture
21.824122060973806,42.0786429525196,47.81068069750884,709.8420996007679,temperature
29.88840609405163,47.41716004810444,32.92615044409453,131.15041335013248,visualization
21.151175200332887,89.33150614794235,24.462238598632727,769.6957022645217,visualization
30.990577646474712,88.25593482180227,55.00415915082404,595.6209600290426,analysis
28.83061002746754,40.24699904672048,15.80694801002628,550.7162805701121,farm
37.754083655166,87.59058927116195,57.79594144776596,599.6912384916252,agriculture
27.018300251041573,71.95599689077503,25.69833586886764,791.5465974946912,monitoring
22.341340328552118,83.39591472600111,54.42018361543406,569.5492052471257,crop
22.859833641056717,62.736992781692955,40.14714382397308,564.7603039105435,python
35.23021263434944,65.77980142896251,51.33536798707437,892.5433256526127,humidity
32.36436126632522,64.44232901284602,59.20065816052321,705.3841336548544,monitoring
22.022453522455805,73.34321287730522,24.420271890937286,453.8350443609082,temperature
21.682136122299948,46.98256273781564,58.05677427037965,665.9176000263421,crop
34.0193826291824,41.4986794936339,29.47409474512102,411.3843773534308,monitoring
21.45526012728387,55.396497079559545,29.275595236846115,283.1003699867992,iot
36.437201185807126,75.23403813683234,27.019355212725284,577.4815015102075,farm
34.124844543129925,50.09267260614742,37.07038036737926,842.5456784911612,crop
21.626975612837995,73.67162166624587,17.707252158924355,843.3116160123702,iot
21.69675428170384,88.49560230536352,37.68557426790056,373.5242224843922,monitoring
39.73279157002351,44.69503578947092,37.0852406205002,522.141972977356,sensor
27.485415915122406,73.63010591125632,48.0950906302435,269.30871885588897,data
27.412842941337818,62.187510965228554,51.68249809687928,896.5048875991067,sensor
36.25599134515005,83.40711271887527,32.0220675156212,884.8943262943486,farm
38.94497154767717,48.857489472369295,25.116662467574688,619.6071437659579,crop
39.720021276457416,74.63129761130823,22.96674486585472,743.5312477419787,crop
35.067563705178834,81.90576448240552,19.731191835243596,672.08012902696,farm
27.525191710618316,87.23071097370116,12.882379109951245,574.5265752315745,iot
21.670014333973377,74.16240141448229,27.122398941735668,142.67839759111814,visualization
35.542938318548735,64.85873820042136,23.512384606539165,463.81147404212885,data
31.1680849947161,70.8923620100607,58.32086929332037,639.8290417339284,monitoring
28.484440184939526,83.44524922393592,37.885441312502195,642.0252911069477,python
38.12708770189472,68.53048733194149,27.363851951525376,398.49809473790685,temperature
22.223949646123028,41.519352984841845,39.0233800496848,853.3535893264244,sensor
29.852502085817182,86.54743477534889,16.959835067284775,233.8856257894248,sensor
20.227072895348382,74.47633755157806,32.202187460110146,500.2875569724485,streamlit
29.373212839882527,73.82566928886233,41.31171607105319,652.7071812406582,humidity
21.126065513636746,50.78375761988586,34.44489158962257,657.7086447134474,streamlit
22.376358325361437,72.94427351163286,30.088940032716213,618.9111654150524,data
22.350524935542097,59.69322028270793,59.69241944498491,320.23057076148814,temperature
32.984206042321276,72.5616488520746,54.01573810744635,224.96525494929756,sensor
34.92089758530847,45.32965151539953,41.17029790797201,608.7522614613687,temperature
31.667375301943192,72.89226523015179,38.46886805911414,579.4416929115503,python
39.24345096949084,89.97068628853333,41.0330239912292,243.48480823139278,monitoring
27.49741159047408,42.4106019430278,20.065605391121665,664.1113164564507,crop
25.714241725637216,88.85870921106587,29.75688716321593,464.1375933869251,temperature
37.3719825637892,60.345398036143536,11.972976644544966,634.2084732825224,sensor
24.47191677038905,83.53767251686295,33.77730187434133,769.8936638161206,iot
39.264450788812226,79.11927420291367,37.151229197883154,235.78274286153854,data
20.243089493796326,68.3508130493334,21.387486805160478,115.31589439746935,farm
39.397576534152776,76.92246046256633,58.201442358275685,723.2820691166294,visualization
20.863198239011524,83.92577806506739,55.4727305468621,587.7579401220928,agriculture
37.82286227396142,60.20701608255165,46.107161772795294,659.7116556976973,analysis
30.554022181725998,56.35165807816193,36.66933143826813,770.5239799909141,visualization
39.85929592238601,73.37966927817924,53.498457982384245,742.2487478596004,analysis
21.475931294707976,80.39229709706294,16.532617191173145,868.7361175430598,agriculture
31.077085688026415,78.11425673883079,49.52548971374425,528.7480630816946,temperature
39.38605071238198,79.89068244293173,16.241040698342417,490.7965061279243,data
30.461956883402976,61.77916574064665,49.71053312747027,421.50975991258406,temperature
32.58797276270525,80.89171080875107,23.788378412567848,222.9528342753636,python
33.914973779692346,46.01045276853042,53.85452905090945,558.085786305618,python
29.090821295355465,67.22445489804248,57.202104691269895,321.61001946078306,python
32.55116160168127,40.28793302490608,17.43979847025578,837.0460097703804,farm
31.686286238462003,56.22929149501351,33.13378025326968,566.5526434216781,data
38.02316020981978,58.32307674356989,59.049368908134255,574.2721444064881,streamlit
20.908927606829156,59.808634580462765,34.17037179865733,383.93972870160803,streamlit
25.619263791844606,74.7733603344931,53.17737612572726,141.59148158216598,visualization
39.008229681531176,59.42790506351729,39.436576106565994,125.3950122983909,agriculture
37.80527567781833,62.43468113112653,28.766495395980094,438.668115322558,python
29.11313505571426,51.87720654371637,24.28917777629351,167.65230247779027,python
32.40265195603074,58.662589581467,20.161154554304364,585.4775644321113,temperature
25.54762365962265,51.363481363157575,48.08990956888486,804.778404511726,humidity
23.762423194475225,43.659796188422185,29.327025341151394,806.3318532149777,sensor
29.273968098799642,70.17242966906889,35.56377311003756,627.2363281057859,iot
27.067044560521055,73.41063992775082,34.61627400005909,268.98546517834484,crop
31.67312223701744,70.97451730048073,38.86395146165656,790.3974650870977,iot
21.554692739299696,63.17470219002862,53.27885728122761,808.8747482505665,farm
39.487896153323334,58.98928900896149,59.03696717917147,257.32286796236696,temperature
39.72421488959206,83.16668247859127,30.379210428690847,689.9408686165418,monitoring
33.9632342803949,65.9540892568109,51.37594610531515,329.2156391416984,python
30.72192732688241,63.95909388148655,48.22638973273588,742.1122498823437,data
26.190552325726557,41.282103290321785,38.67644757277866,897.7903199228822,streamlit
36.27590039413897,57.06239138130782,57.80235718059666,124.02080426351425,streamlit
33.69462345107759,59.00978093929285,20.02372577642014,817.8926926327455,temperature
23.252338786897827,59.94113904484502,15.46321051548107,598.1044268789265,data
38.21854368987685,69.00861846136661,52.69809834777111,878.7060953318569,crop
36.45074485846338,66.68012733634393,31.957490831687416,472.0076140211421,humidity
38.99599826583848,70.39525463967223,52.34844271035303,777.910344457099,iot
34.5143901677672,78.2441630771064,54.654510259770746,149.9152548786218,visualization
32.2683039187158,80.64928693580467,13.122879680953572,368.2232400626366,sensor
28.364860725812377,75.90615381132471,54.17323814930303,153.61323020096796,crop
38.65456966708027,87.77618479774674,32.41595276847111,880.2745067832565,crop
37.32127779000817,40.91162913381808,35.52162445021161,753.5791258174694,iot
20.904373402123788,49.788899284177305,41.32962555466051,782.0379369967764,crop
20.52733948994504,40.37814374890711,56.31913033650434,850.3721851471154,visualization
27.52926733756099,72.37373570773015,10.955804721488201,168.0827888958283,monitoring
36.21106661563665,84.90152744749935,33.842173415890855,408.4780740106667,monitoring
39.74552258629889,52.174114828814965,44.38610212152803,156.8279112352017,streamlit
23.008337822070565,86.35172723981533,46.135347884911425,268.63448124002286,analysis
31.8826143070427,43.01336951447804,44.6266215768554,283.4926216301379,analysis
27.61781713262043,86.72180134027572,16.721756470406092,475.28576883806295,monitoring
39.398287956292066,57.581134361981725,24.96977941858406,314.84973396291406,agriculture
36.84237846271417,45.07104142246082,27.935776270850674,180.78248545420888,humidity
36.76657409422276,64.29358795931628,50.22186038397525,233.99287127528618,data
29.373863195899403,52.8388283860254,23.937993620727653,217.82045084167274,humidity
28.296390046753302,54.24364509809614,20.535248193360157,878.4614383298386,farm
25.468141438614126,55.36449824631433,57.87240095190481,707.4340055347789,crop
21.127509933018544,80.15129489163317,10.443164255673445,874.2091722156496,sensor
37.29444752510106,66.95806383376272,59.89104278409891,451.79238920632685,crop
36.258020182601555,55.565384957800184,43.84106494286978,322.6947853301253,humidity
39.99435346572261,70.51668916554593,51.423464972455854,738.6345577673493,streamlit
39.93273674147811,75.80753371115968,24.730969817309656,361.0031344329174,monitoring
31.10863411205255,53.63120003667669,10.715763883352999,339.5066989642786,python
35.379748303610214,60.67745507626758,46.893475928076505,286.0047937662649,iot
38.895314597648564,46.09430466684738,51.70722985003379,203.74318257938828,farm
36.99294781354823,49.05746747673402,47.02380659767596,305.1704488134128,monitoring
24.94696203486395,74.05589269824914,17.14251436504193,384.25579877911014,humidity
29.01088270620187,49.071917384781344,47.671396112848456,639.1953665165843,streamlit
22.5831883030299,66.258169183353,48.44613910538205,150.05187377556126,iot
39.08102054517445,75.45231308612163,42.92702578350274,268.4055517322744,visualization
32.1234926890176,45.34384615473719,48.30579663977931,747.2189122333411,sensor
24.572856110069253,68.36561098144517,52.296071983886605,217.53753886701662,python
33.43401368811713,52.82813918506819,40.68020571187292,374.1161172180172,humidity
32.36256480915792,88.146343761879,14.430235698483953,791.7271374865121,data
27.163254360656808,64.17728233599624,34.38139048336055,223.94024891475414,temperature
22.27115184399258,80.2996274887579,13.882466733580253,166.18946849455193,iot
33.43146391185599,67.51132710781309,30.37715155162154,487.63039606400866,humidity
30.406154018075867,42.170626642740956,30.35532445628138,341.9356090228291,streamlit
35.44636783471279,71.65756877970111,13.300492207012079,550.7266915870832,monitoring
30.403270022239866,87.57016711033285,27.441026698473966,743.0439123867801,data
37.043630006370805,70.08059100731656,15.549904939565742,209.71879052219452,agriculture
31.03813677548971,80.95944297133951,50.41176050046111,564.559267643428,iot
31.218759430707728,84.2103231674204,57.38440129822354,504.40700831189116,python
37.533072053166904,51.40398859744663,13.61582376289693,215.26302881055966,data
28.06965732424794,50.60224199541133,57.75576036458507,599.198788423186,streamlit
22.680304569012815,70.54904944254959,36.12882996683726,318.91233428861733,monitoring
20.57565352626678,60.55142349033524,24.978283897693693,490.26745483521,humidity
35.10274511347238,81.99306514333603,13.843103763808175,165.8178594216495,crop
32.4061910270693,85.00115616990055,35.031213403520894,467.66724577089843,sensor
34.08159536198447,57.6710689651359,49.72577722453743,345.17077443425626,streamlit
24.259283230178212,51.8435279487241,45.354323863334905,757.9049689482835,python
22.727429511735394,79.0262757621931,12.511300573198689,145.58298159789462,crop
20.29089331335764,53.740301777406806,13.645091768395176,434.88581993466397,python
27.011751176131938,81.13071592568392,30.143664131631855,466.7451393051504,temperature
31.79835373709266,61.18691268243814,24.764524702397164,680.004861039295,python
27.844880901994646,73.37749496457351,21.61921615280239,559.4300600721688,data
28.749498440474582,44.77676569173341,24.05022494543568,633.7698697553449,temperature
38.08317388987497,71.19296623382866,50.17413716484423,721.6394285214049,sensor
26.965109340466007,62.588383936861455,56.461402681592695,789.762378926551,data
30.279789783196215,69.3304231587737,30.255134726378323,351.1003973779764,visualization
35.67306025482286,48.40071038724317,55.30555010662486,530.4181642911224,analysis
27.930855646425403,76.8436872472091,26.0747850623941,772.0864627513599,monitoring
32.44173400455747,83.13985387716143,33.82184931718958,891.5609047720452,data
37.2472741749349,50.836990004538784,21.301449890799987,811.6154488350105,streamlit
38.990412473152844,44.78572777600809,42.0238021087922,397.17381009950145,monitoring
22.941469618580758,41.18192930231682,58.94905575874044,256.13321377492036,crop
38.53175250322989,72.0985750221633,40.17465480216893,491.51402992527096,farm
29.842325861590766,70.35470180443903,27.890704205677444,693.3131614688338,iot
25.164887765979167,67.33487063570351,42.39087229952642,494.05525660263805,farm
29.182715124765224,51.59735480579877,16.14603392326938,486.5446906509348,humidity
39.60065150570954,59.54529979527574,54.432954013269935,770.5843368654405,iot
29.85236187985739,69.72381675930865,35.154197538991816,389.12302325374907,python
26.575032205750162,64.83834294295846,32.4674871019821,787.8357398493165,iot
32.668017086334515,89.38927601074437,39.29323942267596,425.44384076137885,streamlit
24.802912375563864,46.821987627836656,41.239193139470125,362.58648454267154,streamlit
21.51726656217328,74.75722770237968,13.588790311325651,463.1919289597592,agriculture
22.577594438212984,60.21593840521461,44.13086106117012,709.9575669398947,iot
22.56091677915545,61.40998074628074,22.09658401577648,200.80162229119543,sensor
23.038053870245886,75.87988828290881,45.69763162532949,257.1353726976139,farm
22.776543452988204,74.62180756621848,51.12673971920984,861.1558605304735,crop
32.81749489606429,89.56279968510941,50.197925377626014,240.3933019050859,visualization
23.637601687982897,46.41971447270626,37.62504837039445,554.1818543448437,monitoring
26.913345666477262,45.20548246920832,36.00849461553756,563.4515733295502,humidity
37.935768198120236,76.21694085643705,17.143798066970586,491.6995696401958,iot
29.479232805257446,68.91934585032045,48.76730752015678,615.7961988614549,humidity
33.35115477042054,53.70803332799029,23.57046902233572,283.8613806380947,crop
23.446397424032597,43.97096844944933,34.83477114089733,542.1298142213986,humidity
23.845780376173416,44.282912479821526,24.213704646375835,397.7386041975177,python
20.81737232532958,84.70954373320592,16.691418149984656,629.3338077033512,crop
23.37870126144329,49.59336623593715,41.477884844586825,212.97883469851956,python
25.57180678063917,56.168578105776035,12.71660174114519,556.701933471581,iot
23.540209685534936,51.3328201113494,47.43226170631,248.21628430665896,crop
21.774050675141112,57.74981529159686,25.87933976305583,322.9144504920291,iot
22.412717422012015,43.47119213730467,10.006734650224265,274.96784025886654,visualization
29.215575360654515,65.95298954541352,35.556456961861485,246.27022389505368,python
24.12667436811585,43.380628179610746,12.342595426380157,760.5687612485336,agriculture
27.28539722096151,80.01782539111808,23.808477891044973,328.56605412871227,agriculture
30.068345417097138,51.685604095521654,45.348824372785806,841.6990254915595,crop
33.80789657258731,67.00059573022553,13.134481081093293,875.9412202761526,streamlit
20.78624279682198,84.0039543780729,51.96692461780012,557.0083759496779,visualization
35.98820797818085,72.5438684523597,10.190996132929156,214.40089813258112,agriculture
32.558007789818156,66.64788932756676,22.341193460095113,399.63859470366504,monitoring
21.635180638977438,56.21668765576878,47.04520280760357,738.1858106785712,streamlit
37.47157248213554,56.6500956529099,25.81350748646534,393.91258295765635,monitoring
38.417448010636264,73.4743477599095,15.094619403300676,169.613774642231,visualization
21.221559197097275,89.70696806105838,28.011695940021394,545.4279287425504,visualization
25.537552962944076,73.09195949246893,23.519664319226276,776.0966811968278,agriculture
36.12402559586123,67.88917086850125,52.13559510802774,736.741109714802,agriculture
34.96519380767317,76.5325255119623,25.667395879257157,240.09851210428258,analysis
23.690420387127546,63.26028061418591,49.446623588800364,638.2116915299733,analysis
24.186986466734204,43.00711713003926,54.593607240536734,276.4034107485177,iot
27.40944205582764,68.1148407938955,31.690870978826478,274.5660276417378,crop
29.690459703820427,87.881264225269,55.4971571927196,799.2574186441482,temperature
32.36509543060592,48.76514711788298,28.865902698159644,299.73516219218413,temperature
27.378272791395446,74.50024454103328,58.20392082450541,310.597877214409,agriculture
29.25069432266296,50.04668443295282,14.464476226278647,100.52271260903964,humidity
34.94941876267513,66.79138422365406,44.350963325162134,796.5352273004141,agriculture
20.733664057811957,44.83382248233598,34.69070202284644,734.0758505673077,visualization
25.048738886880415,62.51854681290926,29.382440272782354,601.8631480725423,analysis
34.26699171769105,77.8081664447623,41.635593937430045,700.2126111510738,iot
37.904136753743984,57.3785762119491,45.19285458171656,221.63885393959345,visualization
30.233548842313322,73.24558622436089,10.218163482515454,466.65887567006035,agriculture
30.642269705306312,79.77249803948646,18.347654437359935,380.9755098790247,farm
22.14344022679552,86.35889097397263,45.65230253171593,175.0212210056132,streamlit
28.948247336469095,51.73210409277267,43.31927067891032,488.9043881719393,visualization
30.652345329100463,59.96579579046541,58.30237525643386,836.5917202741083,humidity
24.849410072694592,47.62080066652087,48.05188951253915,132.04729524055557,farm
25.38486461898762,89.62417510791876,57.5386353865669,333.1687307950351,iot
27.545683262092453,86.35004839621476,45.127025076740345,266.03274896456276,iot
20.401423955554527,66.99785651402797,24.902610431972157,290.517322932557,monitoring
26.441583311663564,82.10166471882107,15.268246112542823,826.7476415035002,data
24.22896013993089,66.04789886360211,49.09119316724678,474.4552433874321,farm
26.54994704355829,71.17928440013799,42.2074610737958,473.03953035185503,monitoring
22.395242636385024,44.456221605800835,12.409300619664812,708.4605139642258,analysis
37.8105456147979,77.7635210248404,28.002523295048917,223.59376320394063,sensor
31.871849071080973,46.38567418176174,57.83999077421431,489.8122832800406,humidity
33.58204638288979,81.30338151262642,35.02005728551006,443.9881712968478,streamlit
35.783424772146766,79.1014043835193,31.636456800985233,577.5285524373248,sensor
29.968843978581145,75.43723488714882,32.8849802579647,899.6461626003509,crop
21.738405761748474,41.80801902623811,20.444136200258185,715.5591152656376,python
30.742130836370954,55.15641779726643,28.43535854323976,418.29256241394177,analysis
31.736822360417584,53.155628495542146,28.49066279935883,762.0424418192375,analysis
34.908789483686604,58.006820373575955,12.61775100937362,236.56669064998414,sensor
28.63319092459359,44.382137338191924,48.37838142589591,124.3709490471681,farm
22.551606055911275,86.84789115155314,30.82522159519395,263.55869797141844,data
25.67551811597449,67.69011203561881,51.10899434082116,372.3292448914077,streamlit
27.2616459279727,55.276215532901176,52.51740005599477,508.4646059676479,farm
32.91834482663202,59.84907585371417,20.599702734932904,592.1033124329599,sensor
31.41556609337824,62.36012702524178,42.86767410850643,828.4845737715374,streamlit
27.121934517956923,70.02971666803086,33.614090208149086,507.88320764036615,crop
39.730304975859596,65.7839713848249,54.00783689607425,501.0205157005835,farm
32.11549638713774,85.96959866072086,20.787033958822704,140.19440785838572,temperature
24.74453583471989,64.84817414529151,43.89066001550221,127.92924212497906,farm
22.035649452408073,89.60790074116564,40.38760611263613,540.9279695330977,iot
23.057182783686642,82.57124788725478,24.76507387859164,450.5428905986756,python
24.919154567690164,50.42552571786679,16.83004518255863,771.3443159842388,monitoring
23.213627465191113,86.52976073219581,42.58198802386383,228.54366776947614,humidity
23.731340481026116,45.818319894273806,46.92987290661654,119.97732969363967,python
25.70190337387694,80.87248542455958,25.7813671881675,459.2310143441007,farm
23.467471905895096,59.031164673829004,42.24163020111569,289.982845401806,data
37.935308492528506,83.89871602225347,29.75654538057516,139.69149867106995,visualization
21.604674913232845,83.40283450537251,45.66034416413088,679.6786294781032,python
30.490227791405093,80.29627000588106,19.960763744702653,189.27439996579798,streamlit
28.20793653979323,79.50152181535307,54.51075013180872,586.6556000062174,data
39.647572338172125,55.23395695490204,24.370479823278984,324.8398001335113,python
22.240778043361047,44.04596415256261,28.389299387807647,238.7968402840176,streamlit
27.95711198091483,60.14900893825808,12.90459760401749,403.801218335454,farm
39.389408665507375,48.67622574932543,15.57561061606382,741.156620978363,streamlit
37.310142517879605,74.74755444512309,35.793095135616404,413.67486152365814,agriculture
36.341441418985596,57.30498632688928,23.379633836398575,700.6157193688446,analysis
25.158056540898798,88.78051004299574,51.77401128710972,200.38903743932053,python
23.417751747801315,72.04860386726659,10.734669432747692,718.2171357320633,farm
33.372864398488616,81.12402818171805,28.95470243359681,289.5466599253189,analysis
38.587519782551716,46.62623363709242,26.867277338454635,641.9145039110982,temperature
31.135257860278596,83.10072411363113,10.966381545880052,552.625243872797,streamlit
31.432253789397997,86.13785952566971,16.218419950025513,843.3157737693499,sensor
25.599581873205683,64.35309594094679,30.682133745931765,409.85801438025123,temperature
35.38985866383874,70.31264688754888,34.64322922237233,152.93215106755235,farm
23.74087497115047,78.24049004514977,30.214487362743455,115.32438844100233,data
26.473584728084873,48.741931363020626,36.54688392060469,761.4868487782024,agriculture
28.508728772328336,65.12830382317212,39.756583745284075,519.7885101291457,crop
30.1522075736891,59.933151388615656,10.496191056391782,720.1952414679594,analysis
24.848194648301604,47.31869960811245,33.204757972675196,287.54048000921176,monitoring
22.29673649478407,58.37672111457657,58.17496204437941,376.06699641058697,analysis
32.21240084883265,43.40861546927468,35.951614006477435,124.08309776905514,iot
25.772611064805115,41.29059534747435,43.87711337294766,869.1938596592897,visualization
31.624764428452245,46.758314457741136,25.59319289584416,634.2943253606508,visualization
23.087254305484045,88.15575557945868,48.699568907638124,846.564070207445,humidity
29.62280203709635,67.47647679475085,48.64607409380575,312.39712594325783,farm
30.651788651031715,88.291108057661,36.064802382706944,589.1708889805286,temperature
21.03647073644854,61.6248939165066,58.80069116396068,642.7999746341103,monitoring
26.732085563878414,55.59080665426298,16.27751073813267,354.03976020607075,data
22.688293538779483,65.3070931420122,10.84738324447905,778.4873880125041,data
21.267499409455354,61.9755844316455,48.5079105878548,857.7291703201983,data
39.7992046477989,45.2832342130872,50.35777686824413,807.8840941568035,crop
26.44707689949446,72.0413157345103,16.01036145602881,691.253580751498,iot
36.1974889170927,50.80190912547998,23.279141647930302,321.9717437799632,visualization
25.092813095275275,70.97939774489149,10.877618168331445,325.29283368450535,data
33.63005444447859,72.51005461990766,24.665430539028236,870.6882563568304,streamlit
35.20455719779373,47.601242656432404,48.657093695933575,108.22759674855362,visualization
31.912774812156886,43.06748135553341,35.898026385628945,672.8399785937156,data
29.431523771003167,79.038079303422,27.404779658414405,664.9969300442098,farm
28.23681828294537,62.99002118846601,28.586964745316514,598.151632759838,iot
26.977365330859904,42.90818977527379,10.067681285773407,892.0870768694926,python
38.59058288495652,89.74331585848836,24.990026378261796,349.50354861098015,agriculture
36.61238815575459,42.88902804981833,42.32293708189653,371.97749103459853,agriculture
39.300538213330256,74.75176144292766,58.70972219081786,163.15152235724443,iot
22.485944469710894,89.18394626317068,52.353041349194974,454.23850923499,humidity
34.617349504072884,51.95900521079628,11.179748232276456,308.8388209878785,crop
38.76680913642076,47.11246843435981,54.928030233741964,374.7093617421154,monitoring
23.6246613233132,46.069246971121444,49.1599206649313,767.6574322045021,visualization
21.32992534733555,55.16375737837978,49.01880617854902,848.3876108219965,streamlit
34.82241298580118,45.052290550532334,32.89978795017858,248.5864576041485,analysis
31.489462263598238,74.60806708470659,29.90026464772514,398.0071452427727,farm
36.83657553516544,43.114589906503134,25.14578644165963,842.9044496923152,sensor
22.79544753252579,65.47110640748949,13.28474294771829,149.4467685513781,agriculture
35.905346237197804,89.83484269264883,21.411768174684955,173.88842248910282,python
24.032546400954892,80.69851347530094,22.330181748901232,230.23279136498348,iot
23.27311885731409,70.76097191155054,34.20385348551008,576.1702673014997,monitoring
23.285315958619858,55.312681039330585,47.3722203298347,220.377816804798,iot
36.29149440462764,71.19479181458192,33.69049141989733,874.4611051605868,analysis
33.303944413924,66.35207319558258,12.89222247235803,457.3716218068163,monitoring
30.461308495382386,61.30416919451858,57.88949004941019,501.2143682801331,agriculture
27.17660968247005,46.535518837009974,57.13621595470561,297.3268926443252,data
37.544010816262166,84.33021076202334,49.25947715742042,476.7682019477868,streamlit
27.84890214845271,62.48923244106612,59.56639507821103,629.5309061096092,iot
36.33198878943154,49.73112559103825,37.22411664001315,700.9417095632342,streamlit
28.78269817140437,58.38796754386448,58.138417512660304,703.0944661679304,streamlit
27.538888588498153,60.706487626446346,13.780252030837538,562.3128901552707,streamlit
29.25359571339213,81.37689477834371,28.284037413068567,823.4878199950858,python
26.02755748328284,76.6807190280701,21.26906340033829,753.9262778448875,sensor
34.95218760352502,78.46524468206698,19.791654206713503,705.6384917589004,agriculture
30.054407801849585,40.55156322143236,17.040147444633803,144.4844173443685,streamlit
24.644253902936345,60.80769990898808,41.120682078299836,105.50236977571944,python
37.991491465491364,64.06720758176618,49.06609278736525,269.9578217563784,temperature
27.67782442746423,40.95961384115284,38.91491997101804,630.8188751307619,visualization
30.871057222279774,52.99066043725171,17.348135479410484,428.9579911060367,sensor
38.12944221929094,78.01449115610674,50.55618849667354,421.92500743944936,humidity
32.48475991827984,46.855485286449955,41.79773535818643,807.669510583691,crop
22.337960814167282,66.76550657262959,29.408285306349775,816.450278505471,agriculture
38.796642472269504,50.76009360086188,43.70651477680315,827.3402112428686,data
32.55416106142836,40.60603873219466,22.995248962141645,351.1024612120218,agriculture
26.698112293141723,52.06007287997707,27.259610424710527,652.8446501914094,analysis
22.785441453267744,88.7936877455027,55.87429215659951,317.30654501949573,monitoring
35.88050378540592,80.07685559414948,24.525225283571018,252.48786645955983,visualization
32.40145511857027,87.97883221605167,33.49941340789683,247.70596587789538,iot
30.66922183952643,64.39270219631813,54.507056869800735,373.6860966908752,streamlit
37.87785166101915,45.48680993387518,45.386067513376375,443.96609582385736,monitoring
35.77194422449061,67.39797444868465,13.110161308235138,764.7593368440547,monitoring
23.033497594655024,62.71886672799805,17.365152213948516,195.91287477816968,streamlit
26.234441355910967,82.2178541369808,10.39207953859584,687.9406779159153,agriculture
24.969782796289316,44.90412903921223,41.54608951145817,525.1639313514443,streamlit
34.87892585145354,64.4120568510889,32.38367127052092,330.35627414079397,visualization
20.670648694715588,47.50243323469921,16.713742545113774,494.25566762625965,analysis
31.39779369742633,56.233796344503,57.896706052838525,339.9536558216181,streamlit
35.24917371481381,76.86785386938999,36.482986197280994,576.8655641906448,iot
37.53531273523499,63.80090646843833,22.09466470564446,447.07513828419536,iot
26.841634974318147,58.794414257288466,35.03017855773538,231.524423263103,monitoring
36.42514609344026,59.72381392850177,43.98101663675539,193.26645964455736,humidity
22.212634739104146,62.97233842029933,13.811960898678224,537.3565456577041,crop
36.92904583469036,79.25082719185284,23.7351907523946,821.9304266288827,analysis
22.54977324663965,84.60423444701172,50.34827454419968,375.16614924614845,humidity
27.945745811207345,87.76673432519641,32.98324352013306,686.4000857780985,farm
35.94590731559107,79.34516931276475,37.328857101614744,626.9290839518136,farm
22.998348546975475,55.77034478740064,31.640800110473464,845.2439314475848,sensor
24.58502790465283,74.4067353043271,12.194997132150256,756.7848138393127,monitoring
34.445051367861325,61.8801562027696,18.2874889910078,553.2842071243704,iot
34.40073073092149,52.73353110230256,32.27708193709454,625.6243985872859,agriculture
32.82295265770595,82.04357897129613,20.45927327039639,818.7091732672279,iot
33.878968889342005,41.92131744811625,12.498951432983937,419.6150276695478,python
30.854488866951925,85.08809960677118,52.182483202591186,361.4357646862219,python
25.035981178139053,63.0738732312367,59.05962645820579,108.64886690815707,iot
26.913919870078388,71.86007384041402,49.65714369983697,761.2408593531713,visualization
23.631954336028514,72.96769611028913,52.68924608523335,740.784560322692,python
38.169011226672566,84.75588703532682,22.09885651585227,183.5636144801211,data
31.66783589532241,71.83348410836037,58.031348775659986,561.4859049061602,iot
28.017028335272798,70.69667923800309,19.84628522267142,471.1853585335099,sensor
29.240116072882653,43.3326020280345,57.571490518091615,194.96727640728918,humidity
38.94566679223631,65.9204010972602,59.74096469829755,884.4545816485788,farm
23.067028062321604,47.50845004085208,45.586140287302435,271.75670997068437,iot
31.724596640335946,76.87168843607428,59.0571865895911,153.78734407244892,iot
30.11777357768932,65.61109604063373,38.47698897835518,575.8779036015277,python
32.22908470869296,74.01138896041766,22.977089158804517,691.0933417064261,visualization
20.36220367641681,42.083645030119214,31.849794283281042,125.95475683774957,streamlit
37.44247817888303,44.23960080229016,39.678046768939296,626.9741109816177,data
38.64236564967224,75.81616940313411,13.654078101350748,525.8335007611636,analysis
31.30266367178418,43.60421679993367,41.1171632308623,182.61200710003874,agriculture
33.93301647753785,43.56283638826293,59.058891838114725,238.01910155708964,analysis
38.449987623545915,40.605423761744376,19.50538248918638,554.3794378528644,agriculture
34.14477268626797,87.82506991497401,49.62975581441916,337.0860908106307,crop
23.050780858285226,76.87541797295034,55.39493968898097,850.6525829210528,iot
31.525767203336265,57.66257042510321,57.18507964101104,754.9921835872407,data
32.13430092765712,54.82677906438276,58.00678022027236,886.8537652109304,temperature
28.48261342604772,57.48516148729247,36.072981936073596,307.7366711603312,python
34.728884712494455,78.73267655905909,58.865395399575185,875.7789062383816,monitoring
38.687340295380295,73.06853055352072,47.86551035672194,444.9870958332463,python
38.51137025813553,49.259778393373395,18.083571811848095,378.0150362510037,farm
29.016787428082644,48.70546676670422,33.845005323398496,140.2796215754826,humidity
22.264760916815106,44.91978248566986,45.9165587686002,142.21220628768208,visualization
39.69682397924669,73.0151359850669,22.367015790954166,653.6090047573238,farm
36.77796172891868,78.2186331110868,42.03075917744437,466.3431955472223,humidity
22.493253624065336,53.2523214162502,43.33002395233096,281.21730082888456,crop
38.416837652347446,41.047248051545644,18.134987190428294,591.1762450601861,analysis
37.39792724124257,44.10858337382137,38.25426562263782,302.28649460008893,visualization
30.376761142521442,88.39300174225153,48.581345548930386,562.1054034755381,visualization
31.825508714898586,54.77223887387101,34.9447832267971,387.36699758615225,sensor
27.980054077402606,78.46115739190668,10.605155838805372,758.8417812894552,iot
21.095232776440625,71.23317844271318,10.451923453964609,756.5569286134235,temperature
26.70394483291802,59.09698198264479,27.851467198500607,481.88031849792105,humidity
36.05706897196023,50.28436310977776,56.3097034215891,380.6552874680125,monitoring
20.092640460092056,46.06932090797032,21.43383898018044,390.04783724727565,humidity
26.669983433822885,70.75064840194332,41.718184443584356,744.5716205345743,streamlit
27.963373871818867,78.7316890318894,21.10379353466603,362.5435862380896,sensor
30.74791205875846,72.19521267705653,26.08349948297743,267.2474989654768,streamlit
38.39711232825521,66.51510666245792,52.4021044800742,167.75067350024545,farm
26.926919887319226,42.097561171581816,46.443072113497344,473.3544967075267,data
26.939064037924553,88.42443887971919,14.769963865660532,485.7056791358735,farm
34.75002496219497,79.93570958272872,31.43510104932168,772.7269683223258,crop
29.044358817796144,54.64110183504824,11.458488182263224,276.9909571568512,data
24.49209645879964,88.99851646794252,34.04450733015045,404.79301893471995,farm
29.04879032265387,70.09407948181611,43.121700585053404,746.7245911149528,monitoring
22.817140407595996,69.12113291036232,15.925131179907577,758.8988885991788,python
23.527739730124466,77.4036589714766,24.444246945458282,407.68886078301455,farm
29.967355454789594,80.58848940450687,29.891831275107847,467.2992186293447,visualization
28.378508990090957,72.82393036657513,55.976551232802485,342.62871267942637,monitoring
38.296918021362,46.40478731831,59.662750771148204,846.0439027354496,monitoring
27.24787798233266,56.91337529972492,12.245564949780793,194.91501259326424,visualization
31.61176700556087,86.40418201630249,48.0503961747696,846.999538401176,python
32.64528575839061,51.230780592192595,28.58620332011716,647.0931614682746,data
20.261889131766672,58.60835119187567,29.622909311474,525.257722149385,analysis
33.27074744033421,61.6038441472098,47.71324866735114,126.1272486275967,agriculture
23.560719337395028,61.97024948472261,55.921321607270436,480.4769534576066,iot
39.2214063493891,70.64697912472627,57.54642972512742,426.1984840021858,humidity
22.973254555062258,87.15379188723537,38.85612930191604,228.97504958009804,agriculture
28.292482474540474,52.034635591625246,27.85605796502514,625.1276828005256,sensor
21.706993361572877,46.0750688150459,49.377454292938964,876.9207258946286,analysis
39.93748503691894,49.873524492996864,22.550069163115012,549.7510488516201,agriculture
30.04390020662485,84.34624501046348,38.20370144167589,671.8026211551567,data
31.907700346400876,72.2905406327603,27.92892307624366,154.76036205281343,sensor
21.34152954776855,54.29533946195801,42.83155368539381,434.13359665359576,temperature
34.99920940798356,80.79734694843086,22.019945644675346,193.0867881315967,visualization
24.198111861911716,83.0684998181718,19.579647286741288,590.2366684292083,analysis
37.96108578881427,82.3257169345139,55.91195433377185,850.7857265713237,visualization
24.102792809640142,85.94632668197772,15.090184147476844,629.4221859773108,agriculture
23.81375441327333,52.612051008668075,35.29789538674658,161.44243865153723,sensor
20.730993356961896,77.75209643731392,21.042639148150446,383.7329639880663,temperature
29.441338902199984,63.026974863707,11.946498166283373,540.5307035526812,farm
31.29682266525233,82.09992764450308,11.800940914571319,422.5662049066018,visualization
21.31417278856705,76.42453385808065,18.761088605291366,766.9152083801379,sensor
35.51055233390021,78.82237232498623,53.338517725300015,751.7368037679913,streamlit
29.065776694960554,72.80809188405357,24.123937198851333,589.4648160825772,python
30.4878053865516,48.87143847348534,57.52295852876479,398.7663561061642,data
28.81525493876456,67.25134594484692,39.08111464945968,304.2690990105953,farm
28.01526121750652,89.23348697622541,31.830709488438305,184.69945457050346,data
31.19280662616436,86.86940332485594,39.00444173347273,383.9181467892432,visualization
23.10480491861425,42.158686789850584,35.83491926131339,430.5380137661756,agriculture
23.63856260990542,48.24074078647186,47.93881268786626,640.6583400832588,iot
37.235712420270346,46.58643867272809,24.12480329864261,626.5278594380587,agriculture
38.922309242672654,76.29899549926478,27.65251958001512,156.08651171300556,farm
27.46618632559506,80.88926649284726,54.704715126662535,416.2074523449262,monitoring
25.414893462871078,50.675568315533596,57.322825657520276,245.42309377388955,agriculture
32.87999086478031,65.29263464759146,54.62791137432372,225.45016425344454,farm
28.17468342196193,82.03515140056,30.97239969786568,761.8417197897967,sensor
20.507727113206897,76.64007723831253,49.01827515034408,133.53217337300603,crop
23.12305194732381,67.11186027459242,33.81678666505494,435.34630072169705,agriculture
34.31944457694795,69.51738452293864,34.87699260730511,234.56292461321456,sensor
33.17847883820303,65.418027345814,20.234005452864196,803.4641725427792,data
20.541919850069668,54.87742256594103,39.55651516292582,545.6324106200282,streamlit
24.43944323865899,68.2510996429508,19.306794887667397,285.1045091014784,analysis
24.62149593176143,74.44426510250453,26.57823495335969,501.94182973310114,iot
33.437854871974565,83.66614579304039,52.75151008099676,685.1890877624927,data
20.394210755087283,71.8145676989624,20.35379046054276,866.494407135547,data
22.082171639691477,78.0560768521579,13.55791425867164,276.3568033963352,farm
35.99832170746379,48.003581747728646,13.450379630640814,808.9454177034761,visualization
23.570893241086672,63.077873720989494,57.03922602515539,847.4432913339922,visualization
33.054922157037495,40.46658099135467,35.346021898091735,833.136435625653,monitoring
24.76365562093453,52.33394322608115,30.470603590850917,608.331485489528,humidity
21.988827855186905,76.32308575565024,50.543929050395924,603.8565235477661,crop
24.86344381998908,89.59049756746816,51.7912963955258,422.56850654705823,monitoring
34.44533863711318,44.958904979360796,26.60955165578023,701.9183058430303,farm
37.11392936212572,60.074715793064414,44.68090287368976,525.0352146807455,python
36.604397291339836,80.00354843495798,48.55614079259433,641.9504569826356,iot
27.943670592369095,50.20178173144494,42.73253434329773,442.76632307903634,crop
33.36170273141292,67.7542474651143,17.579753740004968,685.1971712345113,crop
24.09968590831642,76.65356480148374,53.79415417585285,759.5772140836392,farm
25.862954605220267,70.79927251300896,36.954727636800435,217.1490052822529,temperature
37.9267163704224,49.401236730770805,24.123621318500184,766.3437724593824,data
20.26003847021472,57.76922843428697,31.261409271884695,532.2372254322459,streamlit
21.71017061708936,79.18958922426987,11.87855451994537,775.7327272721794,analysis
24.157725102920544,67.71132570660083,16.393340061120877,445.0413650728117,temperature
20.530644077476396,40.261480677145634,48.277337525793044,403.23238830642805,visualization
23.628708701795947,78.0495380014047,10.000581737768307,832.0485860137779,farm
31.66083121939384,41.76556774701196,30.82829142411461,300.93541403872104,temperature
28.428491011849957,77.2866891365616,36.12550905427942,775.3698602289145,analysis
37.8534342215395,50.124028008261874,12.731721000048616,487.2164580075233,farm
36.34887123476882,87.90367400596901,58.653908148616644,511.2763540410078,visualization
26.83634703395752,58.39703756510423,21.306266562483597,346.77462519158723,farm
25.188468668625852,56.34658081690395,25.20993598181404,558.4337604952125,crop
27.59384816334534,47.44440251662223,25.197125612751364,360.16895702096906,temperature
31.805898850296153,55.28021077451074,21.520833105867496,131.41553139332186,sensor
25.361272816457525,83.83253809141003,10.073691104315571,317.5988842754848,agriculture
32.48297815698268,89.81671688136237,46.467239704399816,105.10323472527254,farm
28.18823304382481,58.41547652534241,58.34227498996427,882.6838296454853,temperature
31.040943617039606,62.43053154772713,21.21467416425225,872.597767855798,humidity
28.722530582706334,76.10354691013686,43.15235959017112,416.124237977844,iot
25.889315190838353,84.30978902325373,47.094816347935755,682.6966834717168,humidity
38.96906613924313,69.6522167093392,52.421268954526234,376.64487872833996,temperature
35.27211588319521,59.576284908891466,31.131459850680457,636.8745256687808,data
22.802263515329052,60.63109204243119,25.146545282021464,744.3440344367833,data
37.36935951795826,74.78090732484034,26.264756701151555,857.4049957537926,visualization
29.748623964990273,40.16091318021393,45.63106665492564,420.1698206797376,visualization
37.891044537881825,70.97946687299203,50.8389733252818,726.6383863648382,temperature
35.99710511894631,57.77465052206787,19.080698387830132,312.74276050569506,crop
28.50427008938467,79.7098665638542,28.54705040788826,892.2658430349187,visualization
20.44938616640235,44.64953199115661,55.097009837457506,120.61567901148092,crop
25.37354718769892,69.41011334741953,50.33467598473696,582.8230452008968,visualization
30.83268429321734,64.04864449430619,59.24292013812379,627.6047853210617,farm
32.669564396522944,72.11627629526137,47.712412984104034,650.4364456593031,analysis
25.157753708664046,43.24267972414842,29.659760051396113,196.31006303127123,agriculture
22.78712148145648,68.99918937140657,39.53189169973189,850.8238267785043,farm
36.69860473598598,68.07422939797618,43.050712712366014,244.94662324006623,humidity
39.68804361407104,68.03300472080855,13.922790815856198,598.2027225918729,python
30.513803646053717,70.17438332982275,37.224847955193255,278.14086329846793,agriculture
23.43358571696607,73.82339686131812,45.46604142363048,345.7731336170167,humidity
25.44614653038738,80.24944998403848,18.36606520005302,537.1668333824995,visualization
20.367813530949334,53.49103600641072,49.031585871277855,433.75473485166117,crop
38.28597613120998,81.2524705090031,39.188639025705584,228.18048078120503,visualization
22.355021657802823,64.91278411317268,57.61108928487973,236.74912193667862,temperature
31.53032951028507,43.852913956716556,12.121114910344584,434.5158305302397,analysis
25.48110441374412,42.92754646219896,23.26630687777335,705.8263826204006,visualization
31.083560050315867,56.711915934803045,40.077693964991205,818.3717174782308,streamlit
33.02840776703729,79.24484885557338,24.827995610296533,167.30212980750628,humidity
36.594836074144034,75.3840467370458,45.721208203562114,414.48312604752084,crop
24.128425435212066,79.43074823362032,47.95026412609655,180.1964509783013,streamlit
20.21991657316961,65.86345282208046,15.125798203323722,113.2739845060783,analysis
22.737712601376145,62.00994989777453,35.692723210338386,629.3749461151652,farm
38.0003728369621,47.372626335314195,35.44452777955279,581.9595535732702,temperature
37.47780155125031,56.40963768046558,28.464038510777055,230.41529105190898,iot
31.948262043406167,61.70096830869376,56.646243128483604,287.0502664744513,data
32.010337208673064,44.43002148398086,51.37531599366106,118.9662029156147,monitoring
33.30073349092511,51.03059763556056,44.86046909548184,767.957764555523,analysis
23.507425572468993,69.91126470318694,45.716331786749876,879.7524768388412,streamlit
38.2882389184992,76.7831557119595,33.085807190655956,208.36762943575263,iot
28.375410497841465,89.91737556964748,56.049726054828795,285.1801710122385,iot
27.66277056498995,86.65566656717789,44.729771362664266,794.7276191575472,analysis
30.37835410565675,72.12825997675958,46.44905308279082,841.1710383649479,iot
20.9393193355011,61.0624026647036,53.08454518936726,435.70190624544824,humidity
23.32566737512159,71.80886823541164,23.70357946710955,140.4979778152593,iot
34.760672328527406,79.2825809040116,50.35354519333515,131.51346695425553,visualization
21.65597335850253,45.91680954616937,19.762030147824603,559.1598928552083,crop
32.06304218932776,60.495244484814414,27.26709761224439,414.3160871145432,agriculture
24.90698219362642,81.99011428178086,26.780522713492136,122.9219420621236,humidity
27.785912280839533,59.1916475966522,58.926273419457026,566.6019138500454,iot
25.773874735413997,68.59361356135932,52.82686118739634,109.04202927121798,farm
27.113454329298982,69.38846804310991,45.058493079512985,729.8975665194183,data
34.380918103684905,49.22381265668197,46.35283808076951,345.1462581626972,temperature
25.9424343124635,58.11177208261442,38.103639720128555,132.20640240738567,streamlit
31.328092805937942,56.72556443709661,57.35453335542596,570.6817767865227,iot
29.521008043981993,41.30983542660324,34.81293764411808,418.14753154644376,sensor
33.27342330725296,41.209588194567765,29.025885493494727,879.0403306857196,visualization
38.73659478649516,81.58485218378868,18.151766846579548,535.3589300029618,data
34.651441944205004,53.65354049864062,49.3102826130529,320.19134482960663,farm
24.298807571815136,65.90393831194078,46.72219660377957,667.5510917071798,visualization
20.623662701225694,54.93627867943865,29.217751926206745,317.1936020341691,crop
25.2452808859965,87.03396225576702,11.259670697961468,823.3946331260521,iot
31.901558614005097,52.964837943288686,51.949866385900535,399.77757640590113,streamlit
21.028516269685007,61.482840636946754,10.570899172703681,539.8948502209641,crop
29.927324944024726,83.63651252423008,45.18498898145255,140.45848305938307,iot
31.936856978337786,82.09667833959043,58.512855486302854,440.8969903617846,monitoring
26.684877816339217,49.305070892313864,31.883066407410173,765.890831728796,agriculture
35.41824407491644,80.13216548978552,21.748670249797637,744.5190442906735,crop
22.131965062675437,62.909344336894634,45.243550502169086,279.454847082821,agriculture
21.502755634716173,64.14844360426775,50.85640710077926,280.86325680845016,data
34.563775124072066,46.67399862079719,37.32151580389237,753.8442497705894,python
29.90982632412397,44.03007568785623,58.35176376280731,844.3187361354604,monitoring
33.76804792855472,76.39696534868827,12.583436082898055,176.28873701840286,temperature
28.696546772074925,64.82305761776499,35.23977991522641,460.0469115409802,humidity
24.928040664782138,61.842535130758975,45.9226973661275,369.96342317138317,agriculture
36.38204635348399,76.47541143261984,53.13202355745895,796.5507643659515,monitoring
35.98831757937958,78.27564494955548,18.962780595389503,166.819931744015,python
33.893929417088536,47.94540838346768,50.00017408818407,268.90075404642994,streamlit
25.44290274459925,70.51125747388207,37.635353785927265,701.9746700691954,agriculture
31.804613337381742,46.76770411388428,29.82768409949816,141.03507918497246,analysis
27.219477938800537,77.56875430145229,16.58575142895468,494.0283045714314,farm
21.831641466532684,72.84775781335698,53.26478794544562,453.685627743776,temperature
38.34627150924486,87.8307310541729,17.863660408985766,367.52094319099893,farm
22.736372618379228,43.44790081782106,25.489392960454964,415.657852255139,streamlit
39.00474707641605,42.852736057562716,24.502276598121846,523.9524695441863,iot
28.920115459159113,54.109353734660004,53.57070170954272,229.0938867107065,agriculture
